{
    "Channel Count": 19,
    "Channel Rate": "50",
    "Channel Threshold": 10400,
    "Errors Mean": 26.799999999999997,
    "Errors Std": 19.764934393489582,
    "1-bit Errors Mean": 0.0,
    "1-bit Errors Std": 0.0,
    "0-bit Errors Mean": 64.95872243354663,
    "0-bit Errors Std": 7.452229329315917
}