{
    "Channel Count": 18,
    "Channel Rate": "400",
    "Channel Threshold": 12000,
    "Errors Mean": 12.81111111111111,
    "Errors Std": 3.693370771303768,
    "1-bit Errors Mean": 16.383282517549368,
    "1-bit Errors Std": 3.8452439922165227,
    "0-bit Errors Mean": 8.575721348177956,
    "0-bit Errors Std": 1.5569838307042307
}