{
    "Channel Count": 12,
    "Channel Rate": "400",
    "Channel Threshold": 9800,
    "Errors Mean": 33.983333333333334,
    "Errors Std": 9.698503607372748,
    "1-bit Errors Mean": 8.976182261095785,
    "1-bit Errors Std": 3.0042869003199395,
    "0-bit Errors Mean": 49.593106648650085,
    "0-bit Errors Std": 11.921806053698539
}