{
    "Channel Count": 19,
    "Channel Rate": "1000",
    "Channel Threshold": 10600,
    "Errors Mean": 20.76421052631579,
    "Errors Std": 7.8514244874414,
    "1-bit Errors Mean": 23.36717800670168,
    "1-bit Errors Std": 3.6589582620100516,
    "0-bit Errors Mean": 19.224074630606587,
    "0-bit Errors Std": 17.090273194564208
}