{
    "Channel Count": 15,
    "Channel Rate": "1000",
    "Channel Threshold": 10400,
    "Errors Mean": 21.522666666666666,
    "Errors Std": 4.559162886125283,
    "1-bit Errors Mean": 21.589238668472554,
    "1-bit Errors Std": 2.2145616055588775,
    "0-bit Errors Mean": 22.776014691955385,
    "0-bit Errors Std": 8.415702031074234
}