{
    "Channel Count": 20,
    "Channel Rate": "10",
    "Channel Threshold": 12000,
    "Errors Mean": 0.5,
    "Errors Std": 1.0723805294763609,
    "1-bit Errors Mean": 0.0,
    "1-bit Errors Std": 0.0,
    "0-bit Errors Mean": 1.1865857454092748,
    "0-bit Errors Std": 2.3825170653945578
}