{
    "Channel Count": 21,
    "Channel Rate": "100",
    "Channel Threshold": 9800,
    "Errors Mean": 35.15238095238095,
    "Errors Std": 20.550695018895034,
    "1-bit Errors Mean": 0.10393789816709294,
    "1-bit Errors Std": 0.2206153595105316,
    "0-bit Errors Mean": 67.43234675852509,
    "0-bit Errors Std": 13.687376638220142
}