{
    "Channel Count": 15,
    "Channel Rate": "400",
    "Channel Threshold": 10000,
    "Errors Mean": 27.366666666666667,
    "Errors Std": 8.679951356750541,
    "1-bit Errors Mean": 11.408431381971868,
    "1-bit Errors Std": 2.8109226722480343,
    "0-bit Errors Mean": 51.473141894715816,
    "0-bit Errors Std": 16.22181416399147
}