{
    "Channel Count": 19,
    "Channel Rate": "200",
    "Channel Threshold": 9800,
    "Errors Mean": 24.910526315789472,
    "Errors Std": 15.08972793646976,
    "1-bit Errors Mean": 3.543068981456241,
    "1-bit Errors Std": 2.8098351871080345,
    "0-bit Errors Mean": 47.386307465015555,
    "0-bit Errors Std": 15.952160582821428
}