{
    "Channel Count": 19,
    "Channel Rate": "500",
    "Channel Threshold": 10800,
    "Errors Mean": 17.06105263157895,
    "Errors Std": 4.758546764824255,
    "1-bit Errors Mean": 18.778944177447,
    "1-bit Errors Std": 3.410612251505166,
    "0-bit Errors Mean": 13.521163070188349,
    "0-bit Errors Std": 7.334471782533925
}