{
    "Channel Count": 23,
    "Channel Rate": "100",
    "Channel Threshold": 10000,
    "Errors Mean": 24.400000000000002,
    "Errors Std": 17.41243933164624,
    "1-bit Errors Mean": 0.5501819478381359,
    "1-bit Errors Std": 0.6874749182974611,
    "0-bit Errors Mean": 51.25562663204799,
    "0-bit Errors Std": 10.904165992119777
}