{
    "Channel Count": 20,
    "Channel Rate": "500",
    "Channel Threshold": 10600,
    "Errors Mean": 14.198000000000002,
    "Errors Std": 3.1784140699411707,
    "1-bit Errors Mean": 17.30014586509487,
    "1-bit Errors Std": 3.1858375654363127,
    "0-bit Errors Mean": 11.97875190010807,
    "0-bit Errors Std": 4.389023994607549
}