{
    "Channel Count": 16,
    "Channel Rate": "5000",
    "Channel Threshold": 10600,
    "Errors Mean": 35.943749999999994,
    "Errors Std": 8.585304359048664,
    "1-bit Errors Mean": 34.79275507534412,
    "1-bit Errors Std": 7.327409722616004,
    "0-bit Errors Mean": 42.823238286253755,
    "0-bit Errors Std": 12.827370673662514
}