{
    "Channel Count": 23,
    "Channel Rate": "100",
    "Channel Threshold": 10400,
    "Errors Mean": 16.565217391304348,
    "Errors Std": 10.61461702172803,
    "1-bit Errors Mean": 0.2382353749684185,
    "1-bit Errors Std": 0.43389887956899237,
    "0-bit Errors Mean": 33.755948315591375,
    "0-bit Errors Std": 6.7058107596331595
}