{
    "Channel Count": 19,
    "Channel Rate": "50",
    "Channel Threshold": 15000,
    "Errors Mean": 1.9368421052631581,
    "Errors Std": 1.703312724730003,
    "1-bit Errors Mean": 3.2455018857478106,
    "1-bit Errors Std": 2.5515800296813382,
    "0-bit Errors Mean": 0.3266431373559991,
    "0-bit Errors Std": 0.7059455646195553
}