{
    "Channel Count": 25,
    "Channel Rate": "500",
    "Channel Threshold": 10000,
    "Errors Mean": 24.5744,
    "Errors Std": 10.614886934866522,
    "1-bit Errors Mean": 13.88177334823252,
    "1-bit Errors Std": 2.419341676509663,
    "0-bit Errors Mean": 37.87100692234923,
    "0-bit Errors Std": 15.278971258377373
}