{
    "Channel Count": 18,
    "Channel Rate": "400",
    "Channel Threshold": 14000,
    "Errors Mean": 18.00277777777778,
    "Errors Std": 6.320875295888444,
    "1-bit Errors Mean": 24.892725955183113,
    "1-bit Errors Std": 4.481604837112806,
    "0-bit Errors Mean": 7.611233066837457,
    "0-bit Errors Std": 1.473482512463223
}