{
    "Channel Count": 22,
    "Channel Rate": "1000",
    "Channel Threshold": 9800,
    "Errors Mean": 27.04454545454545,
    "Errors Std": 5.795919981310306,
    "1-bit Errors Mean": 19.243527144641103,
    "1-bit Errors Std": 2.565045451360804,
    "0-bit Errors Mean": 46.917638997053416,
    "0-bit Errors Std": 15.407399860697684
}