{
    "Channel Count": 21,
    "Channel Rate": "1000",
    "Channel Threshold": 12000,
    "Errors Mean": 15.39142857142857,
    "Errors Std": 7.804852145095558,
    "1-bit Errors Mean": 24.32630787604167,
    "1-bit Errors Std": 4.030495554598479,
    "0-bit Errors Mean": 7.5654670968212026,
    "0-bit Errors Std": 9.400489548407233
}