{
    "Channel Count": 21,
    "Channel Rate": "5000",
    "Channel Threshold": 10400,
    "Errors Mean": 31.77257142857142,
    "Errors Std": 6.376679928580752,
    "1-bit Errors Mean": 31.062150057469257,
    "1-bit Errors Std": 9.280490964468083,
    "0-bit Errors Mean": 41.93628804386342,
    "0-bit Errors Std": 15.501215047929417
}