{
    "Channel Count": 17,
    "Channel Rate": "50",
    "Channel Threshold": 9800,
    "Errors Mean": 47.43529411764706,
    "Errors Std": 23.566300495222876,
    "1-bit Errors Mean": 0.0,
    "1-bit Errors Std": 0.0,
    "0-bit Errors Mean": 73.73913360407353,
    "0-bit Errors Std": 10.366188103179729
}