{
    "Channel Count": 22,
    "Channel Rate": "10",
    "Channel Threshold": 9800,
    "Errors Mean": 46.09090909090909,
    "Errors Std": 29.440091852174355,
    "1-bit Errors Mean": 0.0,
    "1-bit Errors Std": 0.0,
    "0-bit Errors Mean": 100.0,
    "0-bit Errors Std": 0.0
}