{
    "Channel Count": 23,
    "Channel Rate": "100",
    "Channel Threshold": 14000,
    "Errors Mean": 18.63478260869565,
    "Errors Std": 5.872752757671739,
    "1-bit Errors Mean": 14.348009992456275,
    "1-bit Errors Std": 6.613736289636791,
    "0-bit Errors Mean": 23.63393414579833,
    "0-bit Errors Std": 7.054042796606098
}