{
    "Channel Count": 22,
    "Channel Rate": "500",
    "Channel Threshold": 12000,
    "Errors Mean": 14.44363636363636,
    "Errors Std": 4.561369955152574,
    "1-bit Errors Mean": 20.765414008918455,
    "1-bit Errors Std": 3.147467919215513,
    "0-bit Errors Mean": 6.58065026055865,
    "0-bit Errors Std": 0.9933582880775549
}