{
    "Channel Count": 16,
    "Channel Rate": "400",
    "Channel Threshold": 15000,
    "Errors Mean": 16.065625,
    "Errors Std": 5.0168067143726995,
    "1-bit Errors Mean": 25.43525036563488,
    "1-bit Errors Std": 4.123019428709322,
    "0-bit Errors Mean": 7.29928549200106,
    "0-bit Errors Std": 1.5344844616586062
}