{
    "Channel Count": 20,
    "Channel Rate": "5000",
    "Channel Threshold": 10800,
    "Errors Mean": 32.547999999999995,
    "Errors Std": 7.446618024311439,
    "1-bit Errors Mean": 33.92013583690756,
    "1-bit Errors Std": 11.18237666424277,
    "0-bit Errors Mean": 42.83188481186154,
    "0-bit Errors Std": 18.166229538025274
}