{
    "Channel Count": 16,
    "Channel Rate": "400",
    "Channel Threshold": 11000,
    "Errors Mean": 12.91875,
    "Errors Std": 1.6097238699540986,
    "1-bit Errors Mean": 15.473776798967553,
    "1-bit Errors Std": 2.6511891630265083,
    "0-bit Errors Mean": 9.948285845571107,
    "0-bit Errors Std": 1.4581817904123477
}