{
    "Channel Count": 22,
    "Channel Rate": "100",
    "Channel Threshold": 15000,
    "Errors Mean": 17.55454545454545,
    "Errors Std": 8.348964403539533,
    "1-bit Errors Mean": 16.004023636613507,
    "1-bit Errors Std": 7.601701490464677,
    "0-bit Errors Mean": 17.677534588686452,
    "0-bit Errors Std": 11.377094247184058
}