{
    "Channel Count": 27,
    "Channel Rate": "10",
    "Channel Threshold": 9600,
    "Errors Mean": 46.666666666666664,
    "Errors Std": 28.638228788599132,
    "1-bit Errors Mean": 0.0,
    "1-bit Errors Std": 0.0,
    "0-bit Errors Mean": 100.0,
    "0-bit Errors Std": 0.0
}