{
    "Channel Count": 28,
    "Channel Rate": "500",
    "Channel Threshold": 9800,
    "Errors Mean": 26.315714285714286,
    "Errors Std": 7.668498376275422,
    "1-bit Errors Mean": 14.39020333963776,
    "1-bit Errors Std": 2.9793619750543763,
    "0-bit Errors Mean": 44.69010368143816,
    "0-bit Errors Std": 13.444591864651809
}