{
    "Channel Count": 16,
    "Channel Rate": 5000,
    "Effective Rate": 2136.65,
    "Effective Rate 95per": 230.64733735757818,
    "Effective Rate 99per": 0,
    "Channel Threshold": 10800,
    "Errors Mean": 28.6335,
    "Errors Std": 9.530013313212107,
    "Byte Errors Mean": 81.828,
    "Byte Errors Std": 12.068014584015053,
    "1-bit Errors Mean": 29.591846765132857,
    "1-bit Errors Std": 4.978766894924652,
    "0-bit Errors Mean": 33.56174793309869,
    "0-bit Errors Std": 16.58696899554779
}