{
    "Channel Count": 16,
    "Channel Rate": 5000,
    "Effective Channel Rate": 2136.65,
    "Channel Threshold": 10800,
    "Errors Mean": 28.633499999999998,
    "Errors Std": 9.530013313212107,
    "1-bit Errors Mean": 29.591846765132857,
    "1-bit Errors Std": 4.978766894924652,
    "0-bit Errors Mean": 33.56174793309869,
    "0-bit Errors Std": 16.58696899554779
}