{
    "Channel Count": 15,
    "Channel Rate": "1000",
    "Channel Threshold": 13000,
    "Errors Mean": 16.146666666666665,
    "Errors Std": 7.132579399410068,
    "1-bit Errors Mean": 26.46405039571759,
    "1-bit Errors Std": 3.679102402406465,
    "0-bit Errors Mean": 4.187080941296508,
    "0-bit Errors Std": 2.186415558652308
}