{
    "Channel Count": 10,
    "Channel Rate": "200",
    "Channel Threshold": 14000,
    "Errors Mean": 14.6,
    "Errors Std": 1.2433824833895646,
    "1-bit Errors Mean": 14.423138803789977,
    "1-bit Errors Std": 3.139737828020193,
    "0-bit Errors Mean": 12.44282494679108,
    "0-bit Errors Std": 3.1974409010956912
}