{
    "Channel Count": 22,
    "Channel Rate": "200",
    "Channel Threshold": 15000,
    "Errors Mean": 15.05,
    "Errors Std": 2.2969841888085267,
    "1-bit Errors Mean": 14.747806132570354,
    "1-bit Errors Std": 4.610539708891195,
    "0-bit Errors Mean": 14.77338593919616,
    "0-bit Errors Std": 1.142034678312566
}