{
    "Channel Count": 16,
    "Channel Rate": "200",
    "Channel Threshold": 11000,
    "Errors Mean": 11.5875,
    "Errors Std": 3.435635858178221,
    "1-bit Errors Mean": 6.2172493606656065,
    "1-bit Errors Std": 3.586915426986283,
    "0-bit Errors Mean": 15.966549325950506,
    "0-bit Errors Std": 2.527228741367666
}