{
    "Channel Count": 15,
    "Channel Rate": "50",
    "Channel Threshold": 10600,
    "Errors Mean": 33.28,
    "Errors Std": 15.953398801927236,
    "1-bit Errors Mean": 0.0,
    "1-bit Errors Std": 0.0,
    "0-bit Errors Mean": 57.56577965759739,
    "0-bit Errors Std": 5.257287305281089
}