{
    "Channel Count": 18,
    "Channel Rate": 2000,
    "Effective Rate": 1107.6666666666665,
    "Effective Rate 95per": 362.89701696878114,
    "Effective Rate 99per": 146.9138185563943,
    "Channel Threshold": 10800,
    "Errors Mean": 22.308333333333337,
    "Errors Std": 9.309620621223567,
    "Byte Errors Mean": 70.59555555555556,
    "Byte Errors Std": 15.793539544953966,
    "1-bit Errors Mean": 27.46165561731794,
    "1-bit Errors Std": 2.910721490095173,
    "0-bit Errors Mean": 24.853355388138112,
    "0-bit Errors Std": 21.412358392724453
}