{
    "Channel Count": 18,
    "Channel Rate": 2000,
    "Effective Channel Rate": 1107.6666666666665,
    "Channel Threshold": 10800,
    "Errors Mean": 22.308333333333337,
    "Errors Std": 9.309620621223567,
    "1-bit Errors Mean": 27.46165561731794,
    "1-bit Errors Std": 2.9107214900951734,
    "0-bit Errors Mean": 24.853355388138112,
    "0-bit Errors Std": 21.412358392724453
}