{
    "Channel Count": 22,
    "Channel Rate": "1000",
    "Channel Threshold": 15000,
    "Errors Mean": 22.49,
    "Errors Std": 9.059172649359823,
    "1-bit Errors Mean": 32.01676820089698,
    "1-bit Errors Std": 5.083947614202369,
    "0-bit Errors Mean": 3.723590354015929,
    "0-bit Errors Std": 1.0994370653564378
}