{
    "Channel Count": 21,
    "Channel Rate": "50",
    "Channel Threshold": 10200,
    "Errors Mean": 25.56190476190476,
    "Errors Std": 22.648924628954738,
    "1-bit Errors Mean": 0.13257201376863725,
    "1-bit Errors Std": 0.3247793788242409,
    "0-bit Errors Mean": 57.98899325702915,
    "0-bit Errors Std": 9.931681024844615
}