{
    "Channel Count": 20,
    "Channel Rate": "50",
    "Channel Threshold": 11000,
    "Errors Mean": 25.119999999999997,
    "Errors Std": 19.33436319096132,
    "1-bit Errors Mean": 0.0,
    "1-bit Errors Std": 0.0,
    "0-bit Errors Mean": 57.44879494381836,
    "0-bit Errors Std": 6.65767010730458
}