{
    "Channel Count": 16,
    "Channel Rate": "5000",
    "Channel Threshold": 10200,
    "Errors Mean": 35.83975,
    "Errors Std": 4.687527593252119,
    "1-bit Errors Mean": 32.373516914359016,
    "1-bit Errors Std": 10.790817308995445,
    "0-bit Errors Mean": 46.236223904994155,
    "0-bit Errors Std": 12.637798868443989
}