{
    "Channel Count": 19,
    "Channel Rate": "400",
    "Channel Threshold": 10400,
    "Errors Mean": 17.971052631578946,
    "Errors Std": 6.087893849562893,
    "1-bit Errors Mean": 13.582402127729168,
    "1-bit Errors Std": 2.8440985530401193,
    "0-bit Errors Mean": 20.42615490995334,
    "0-bit Errors Std": 9.420328096115373
}