{
    "Channel Count": 14,
    "Channel Rate": "1000",
    "Channel Threshold": 11000,
    "Errors Mean": 21.284285714285716,
    "Errors Std": 6.812292161218272,
    "1-bit Errors Mean": 24.641972429749917,
    "1-bit Errors Std": 4.097451735629027,
    "0-bit Errors Mean": 21.105004541471665,
    "0-bit Errors Std": 16.385489604044643
}