{
    "Channel Count": 19,
    "Channel Rate": "100",
    "Channel Threshold": 13000,
    "Errors Mean": 16.23157894736842,
    "Errors Std": 6.55254491593505,
    "1-bit Errors Mean": 8.079464248497558,
    "1-bit Errors Std": 5.185594536005299,
    "0-bit Errors Mean": 25.614765787061604,
    "0-bit Errors Std": 5.204246047498903
}