{
    "Channel Count": 14,
    "Channel Rate": "5000",
    "Channel Threshold": 15000,
    "Errors Mean": 26.856285714285715,
    "Errors Std": 12.192451478731606,
    "1-bit Errors Mean": 56.635673894321535,
    "1-bit Errors Std": 24.35891425438209,
    "0-bit Errors Mean": 11.94934390328949,
    "0-bit Errors Std": 14.28932633754628
}