{
    "Channel Count": 18,
    "Channel Rate": "100",
    "Channel Threshold": 9600,
    "Errors Mean": 31.755555555555556,
    "Errors Std": 22.91235043528131,
    "1-bit Errors Mean": 0.17926227735867842,
    "1-bit Errors Std": 0.3038703083509112,
    "0-bit Errors Mean": 81.29326170302832,
    "0-bit Errors Std": 10.018503726948529
}