{
    "Channel Count": 21,
    "Channel Rate": "1000",
    "Channel Threshold": 10800,
    "Errors Mean": 19.825714285714287,
    "Errors Std": 5.500261960366348,
    "1-bit Errors Mean": 23.384540387338877,
    "1-bit Errors Std": 3.5411428170329176,
    "0-bit Errors Mean": 15.888721031352055,
    "0-bit Errors Std": 10.79975146491795
}