{
    "Channel Count": 15,
    "Channel Rate": 1000,
    "Effective Channel Rate": 610.1600000000001,
    "Channel Threshold": 10800,
    "Errors Mean": 19.492,
    "Errors Std": 4.607656237177422,
    "1-bit Errors Mean": 21.284368009427435,
    "1-bit Errors Std": 2.9636371696343953,
    "0-bit Errors Mean": 17.371223888256683,
    "0-bit Errors Std": 16.202688581296233
}