{
    "Channel Count": 15,
    "Channel Rate": 1000,
    "Effective Rate": 610.1600000000001,
    "Effective Rate 95per": 425.85375051290316,
    "Effective Rate 99per": 372.4049381616451,
    "Channel Threshold": 10800,
    "Errors Mean": 19.492,
    "Errors Std": 4.607656237177421,
    "Byte Errors Mean": 65.36533333333334,
    "Byte Errors Std": 12.342471857596257,
    "1-bit Errors Mean": 21.28436800942744,
    "1-bit Errors Std": 2.9636371696343953,
    "0-bit Errors Mean": 17.371223888256676,
    "0-bit Errors Std": 16.20268858129623
}