{
    "Channel Count": 18,
    "Channel Rate": "10",
    "Channel Threshold": 13000,
    "Errors Mean": 0.1111111111111111,
    "Errors Std": 0.4581228472908512,
    "1-bit Errors Mean": 0.0,
    "1-bit Errors Std": 0.0,
    "0-bit Errors Mean": 0.25641025641025644,
    "0-bit Errors Std": 0.888231183368655
}