{
    "Channel Count": 21,
    "Channel Rate": "100",
    "Channel Threshold": 12000,
    "Errors Mean": 15.885714285714286,
    "Errors Std": 8.821094075015418,
    "1-bit Errors Mean": 2.8641756087735875,
    "1-bit Errors Std": 2.7897557540256375,
    "0-bit Errors Mean": 27.30816607086718,
    "0-bit Errors Std": 7.3980484320238435
}