{
    "Channel Count": 15,
    "Channel Rate": "1000",
    "Channel Threshold": 14000,
    "Errors Mean": 19.334666666666667,
    "Errors Std": 8.098999005364114,
    "1-bit Errors Mean": 33.41282185674673,
    "1-bit Errors Std": 8.778965900183055,
    "0-bit Errors Mean": 5.16333435423429,
    "0-bit Errors Std": 3.086090491757967
}