{
    "Channel Count": 17,
    "Channel Rate": "5000",
    "Channel Threshold": 14000,
    "Errors Mean": 31.77976470588235,
    "Errors Std": 12.757565135241553,
    "1-bit Errors Mean": 43.4442173089048,
    "1-bit Errors Std": 14.457665358569622,
    "0-bit Errors Mean": 18.23514150384015,
    "0-bit Errors Std": 13.927578334670054
}