{
    "Channel Count": 19,
    "Channel Rate": "500",
    "Channel Threshold": 15000,
    "Errors Mean": 26.32,
    "Errors Std": 10.649145258509817,
    "1-bit Errors Mean": 31.396875598693256,
    "1-bit Errors Std": 6.855003684180485,
    "0-bit Errors Mean": 5.972449497777295,
    "0-bit Errors Std": 1.514291468221317
}