{
    "Channel Count": 15,
    "Channel Rate": "400",
    "Channel Threshold": 13000,
    "Errors Mean": 15.48333333333333,
    "Errors Std": 5.019882690085717,
    "1-bit Errors Mean": 19.894595751844797,
    "1-bit Errors Std": 4.074260580158582,
    "0-bit Errors Mean": 6.956315893723875,
    "0-bit Errors Std": 1.8266249834062267
}