{
    "Channel Count": 23,
    "Channel Rate": "200",
    "Channel Threshold": 10200,
    "Errors Mean": 10.282608695652176,
    "Errors Std": 6.529375239698967,
    "1-bit Errors Mean": 3.0413285756161907,
    "1-bit Errors Std": 2.1421056003342156,
    "0-bit Errors Mean": 25.591266846007674,
    "0-bit Errors Std": 5.004405742834932
}