{
    "Channel Count": 14,
    "Channel Rate": "200",
    "Channel Threshold": 10800,
    "Errors Mean": 12.328571428571427,
    "Errors Std": 2.8303025005991778,
    "1-bit Errors Mean": 6.029894346177909,
    "1-bit Errors Std": 3.181005980688565,
    "0-bit Errors Mean": 16.687270212516903,
    "0-bit Errors Std": 2.1096325163241194
}