{
    "Channel Count": 22,
    "Channel Rate": "5000",
    "Channel Threshold": 9800,
    "Errors Mean": 37.45036363636364,
    "Errors Std": 6.965494034201441,
    "1-bit Errors Mean": 29.38359713306088,
    "1-bit Errors Std": 8.07602855702047,
    "0-bit Errors Mean": 57.80649058242126,
    "0-bit Errors Std": 10.854947377791543
}