{
    "Channel Count": 28,
    "Channel Rate": "500",
    "Channel Threshold": 9600,
    "Errors Mean": 34.23142857142857,
    "Errors Std": 12.506096146133155,
    "1-bit Errors Mean": 12.833147419949762,
    "1-bit Errors Std": 3.2153172203843567,
    "0-bit Errors Mean": 58.75693525723931,
    "0-bit Errors Std": 11.102009735109506
}