{
    "Channel Count": 25,
    "Channel Rate": "500",
    "Errors Mean": 16.5664,
    "Errors Std": 3.4252274435429833,
    "1-bit Errors Mean": 17.65046096399033,
    "1-bit Errors Std": 3.1651563461241654,
    "0-bit Errors Mean": 15.43142156575504,
    "0-bit Errors Std": 9.073885062934814
}