{
    "Channel Count": 19,
    "Channel Rate": "1000",
    "Channel Threshold": 10200,
    "Errors Mean": 25.63263157894737,
    "Errors Std": 6.088077081351423,
    "1-bit Errors Mean": 20.21177371535002,
    "1-bit Errors Std": 3.629931244611234,
    "0-bit Errors Mean": 32.16769609909154,
    "0-bit Errors Std": 12.045337394895547
}