{
    "Channel Count": 10,
    "Channel Rate": "100",
    "Channel Threshold": 10200,
    "Errors Mean": 20.740000000000002,
    "Errors Std": 7.310841264861385,
    "1-bit Errors Mean": 0.4113563260367522,
    "1-bit Errors Std": 0.45867362398226547,
    "0-bit Errors Mean": 37.78918466801846,
    "0-bit Errors Std": 6.348511936871186
}