{
    "Channel Count": 15,
    "Channel Rate": "400",
    "Channel Threshold": 10800,
    "Errors Mean": 13.216666666666665,
    "Errors Std": 2.4024062011981977,
    "1-bit Errors Mean": 13.63009505134054,
    "1-bit Errors Std": 4.313085934438565,
    "0-bit Errors Mean": 11.94791125213996,
    "0-bit Errors Std": 2.397543254996107
}