{
    "Channel Count": 12,
    "Channel Rate": "100",
    "Channel Threshold": 10600,
    "Errors Mean": 18.333333333333332,
    "Errors Std": 13.950945806248725,
    "1-bit Errors Mean": 0.12697533468745606,
    "1-bit Errors Std": 0.2604036641915059,
    "0-bit Errors Mean": 34.017600108594245,
    "0-bit Errors Std": 7.7129336090077425
}