{
    "Channel Count": 16,
    "Channel Rate": "1000",
    "Channel Threshold": 9600,
    "Errors Mean": 34.31125,
    "Errors Std": 8.887800539925498,
    "1-bit Errors Mean": 17.901719926926383,
    "1-bit Errors Std": 2.377341993251839,
    "0-bit Errors Mean": 56.85690602315122,
    "0-bit Errors Std": 11.086758960968968
}