{
    "Channel Count": 17,
    "Channel Rate": "500",
    "Channel Threshold": 13000,
    "Errors Mean": 17.637647058823532,
    "Errors Std": 5.62404034105246,
    "1-bit Errors Mean": 25.503700095133624,
    "1-bit Errors Std": 5.400723335792679,
    "0-bit Errors Mean": 7.610273403904506,
    "0-bit Errors Std": 2.833144068116036
}