{
    "Channel Count": 18,
    "Channel Rate": 100,
    "Effective Channel Rate": 75.06666666666666,
    "Channel Threshold": 13500,
    "Errors Mean": 12.466666666666667,
    "Errors Std": 9.722139682189306,
    "1-bit Errors Mean": 1.6398338150263077,
    "1-bit Errors Std": 1.8190089931675375,
    "0-bit Errors Mean": 29.683289684635888,
    "0-bit Errors Std": 3.794668110530036
}