{
    "Channel Count": 15,
    "Channel Rate": "5000",
    "Channel Threshold": 10000,
    "Errors Mean": 35.2064,
    "Errors Std": 6.016458812291496,
    "1-bit Errors Mean": 31.94205926651529,
    "1-bit Errors Std": 7.414310913828856,
    "0-bit Errors Mean": 46.78749203596567,
    "0-bit Errors Std": 13.519339118931283
}