{
    "Channel Count": 15,
    "Channel Rate": "500",
    "Channel Threshold": 10200,
    "Errors Mean": 19.704,
    "Errors Std": 6.409539557045681,
    "1-bit Errors Mean": 16.212194270214667,
    "1-bit Errors Std": 2.9540901274119733,
    "0-bit Errors Mean": 28.300170280480586,
    "0-bit Errors Std": 14.309060174744456
}