{
    "Channel Count": 19,
    "Channel Rate": "5000",
    "Channel Threshold": 12000,
    "Errors Mean": 28.610105263157894,
    "Errors Std": 11.405401665299403,
    "1-bit Errors Mean": 39.65354075889622,
    "1-bit Errors Std": 17.195505357356723,
    "0-bit Errors Mean": 26.99655962664636,
    "0-bit Errors Std": 21.474412208543583
}