{
    "Channel Count": 17,
    "Channel Rate": "50",
    "Channel Threshold": 9600,
    "Errors Mean": 40.72941176470589,
    "Errors Std": 22.364356218450464,
    "1-bit Errors Mean": 0.0,
    "1-bit Errors Std": 0.0,
    "0-bit Errors Mean": 87.87113215668757,
    "0-bit Errors Std": 8.662157836179157
}