KS Max,KS SMean,KS DMean,CVM
-0.035,0.10477096508575263,0.00199354,692.793115
