{
    "Channel Count": 14,
    "Channel Rate": "400",
    "Channel Threshold": 10600,
    "Errors Mean": 17.757142857142856,
    "Errors Std": 4.050302331874972,
    "1-bit Errors Mean": 14.282040507133045,
    "1-bit Errors Std": 2.968387664493573,
    "0-bit Errors Mean": 20.562482721853904,
    "0-bit Errors Std": 4.981892535193397
}