{
    "Channel Count": 14,
    "Channel Rate": "10",
    "Channel Threshold": 10800,
    "Errors Mean": 36.142857142857146,
    "Errors Std": 22.959147392261585,
    "1-bit Errors Mean": 0.0,
    "1-bit Errors Std": 0.0,
    "0-bit Errors Mean": 88.03019705955482,
    "0-bit Errors Std": 10.827615120844753
}