{
    "Channel Count": 19,
    "Channel Rate": "10",
    "Channel Threshold": 10600,
    "Errors Mean": 55.78947368421053,
    "Errors Std": 27.674002520641377,
    "1-bit Errors Mean": 0.0,
    "1-bit Errors Std": 0.0,
    "0-bit Errors Mean": 96.25105808865557,
    "0-bit Errors Std": 4.652051636045644
}