{
    "Channel Count": 16,
    "Channel Rate": "200",
    "Channel Threshold": 13000,
    "Errors Mean": 14.40625,
    "Errors Std": 3.216455492852342,
    "1-bit Errors Mean": 14.283683954068763,
    "1-bit Errors Std": 3.8099167989704226,
    "0-bit Errors Mean": 13.741090382435647,
    "0-bit Errors Std": 2.9992050027831962
}