{
    "Channel Count": 16,
    "Channel Rate": "200",
    "Channel Threshold": 12000,
    "Errors Mean": 12.675,
    "Errors Std": 2.996769093540575,
    "1-bit Errors Mean": 10.710008307915302,
    "1-bit Errors Std": 2.7757446800649217,
    "0-bit Errors Mean": 15.077261136850987,
    "0-bit Errors Std": 3.6204631963704026
}