{
    "Channel Count": 16,
    "Channel Rate": "50",
    "Channel Threshold": 10800,
    "Errors Mean": 25.9,
    "Errors Std": 17.35021613698227,
    "1-bit Errors Mean": 0.10026737967914438,
    "1-bit Errors Std": 0.3883338916651821,
    "0-bit Errors Mean": 61.40599507528057,
    "0-bit Errors Std": 5.505627182089887
}