{
    "Channel Count": 19,
    "Channel Rate": "400",
    "Channel Threshold": 9600,
    "Errors Mean": 33.42368421052631,
    "Errors Std": 16.579444854691324,
    "1-bit Errors Mean": 8.749688834075418,
    "1-bit Errors Std": 2.5097202961217486,
    "0-bit Errors Mean": 72.6232296307778,
    "0-bit Errors Std": 9.11902960771258
}