{
    "Channel Count": 17,
    "Channel Rate": "5000",
    "Channel Threshold": 11000,
    "Errors Mean": 29.596941176470587,
    "Errors Std": 5.280434122868266,
    "1-bit Errors Mean": 29.18445899677996,
    "1-bit Errors Std": 3.235115623392185,
    "0-bit Errors Mean": 34.67289111633945,
    "0-bit Errors Std": 14.681326698474745
}