{
    "Channel Count": 19,
    "Channel Rate": "10",
    "Channel Threshold": 10200,
    "Errors Mean": 47.26315789473684,
    "Errors Std": 28.83134643744759,
    "1-bit Errors Mean": 0.0,
    "1-bit Errors Std": 0.0,
    "0-bit Errors Mean": 99.85652797704448,
    "0-bit Errors Std": 0.5738880918220943
}