{
    "Channel Count": 20,
    "Channel Rate": "200",
    "Channel Threshold": 10600,
    "Errors Mean": 11.98,
    "Errors Std": 5.078444643786127,
    "1-bit Errors Mean": 5.428638680829076,
    "1-bit Errors Std": 3.777104493648865,
    "0-bit Errors Mean": 18.481091946036972,
    "0-bit Errors Std": 4.134056749008013
}