{
    "Channel Count": 21,
    "Channel Rate": "50",
    "Channel Threshold": 14000,
    "Errors Mean": 0.838095238095238,
    "Errors Std": 0.8543871044573641,
    "1-bit Errors Mean": 1.067678192937589,
    "1-bit Errors Std": 1.6213657351646953,
    "0-bit Errors Mean": 0.7252962461963157,
    "0-bit Errors Std": 0.8242748109795411
}