{
    "Channel Count": 22,
    "Channel Rate": "1000",
    "Channel Threshold": 10000,
    "Errors Mean": 26.254545454545454,
    "Errors Std": 5.5635508014811155,
    "1-bit Errors Mean": 21.809851999387764,
    "1-bit Errors Std": 3.0299166497011796,
    "0-bit Errors Mean": 32.588159370610924,
    "0-bit Errors Std": 12.07374098382819
}