{
    "Channel Count": 19,
    "Channel Rate": "500",
    "Channel Threshold": 11000,
    "Errors Mean": 15.332631578947368,
    "Errors Std": 3.1280611821067006,
    "1-bit Errors Mean": 16.863654267437614,
    "1-bit Errors Std": 2.7113261894678518,
    "0-bit Errors Mean": 13.898744596619434,
    "0-bit Errors Std": 11.4108789451499
}