{
    "Channel Count": 20,
    "Channel Rate": "50",
    "Channel Threshold": 10000,
    "Errors Mean": 25.06,
    "Errors Std": 15.404557767102567,
    "1-bit Errors Mean": 0.02183406113537118,
    "1-bit Errors Std": 0.09517246601617194,
    "0-bit Errors Mean": 64.9330131103677,
    "0-bit Errors Std": 9.66372214024413
}