{
    "Channel Count": 15,
    "Channel Rate": "5000",
    "Channel Threshold": 13000,
    "Errors Mean": 26.021599999999996,
    "Errors Std": 11.73367346173681,
    "1-bit Errors Mean": 33.7656993775128,
    "1-bit Errors Std": 5.9445822919046085,
    "0-bit Errors Mean": 18.701504648347367,
    "0-bit Errors Std": 20.785096145472806
}