{
    "Channel Count": 17,
    "Channel Rate": "10",
    "Channel Threshold": 10000,
    "Errors Mean": 50.470588235294116,
    "Errors Std": 23.619826285805456,
    "1-bit Errors Mean": 0.0,
    "1-bit Errors Std": 0.0,
    "0-bit Errors Mean": 99.30184194890077,
    "0-bit Errors Std": 2.1972503965657277
}