{
    "Channel Count": 17,
    "Channel Rate": "200",
    "Channel Threshold": 10400,
    "Errors Mean": 12.46470588235294,
    "Errors Std": 4.941414560090186,
    "1-bit Errors Mean": 4.748894613483611,
    "1-bit Errors Std": 3.1195045921467126,
    "0-bit Errors Mean": 21.010814127579923,
    "0-bit Errors Std": 5.495306371033495
}