{
    "Channel Count": 14,
    "Channel Rate": "500",
    "Channel Threshold": 14000,
    "Errors Mean": 17.23428571428571,
    "Errors Std": 5.145291487349955,
    "1-bit Errors Mean": 23.79315348074846,
    "1-bit Errors Std": 2.9939726333150305,
    "0-bit Errors Mean": 6.333879923912499,
    "0-bit Errors Std": 1.8962420287801502
}