{
    "Channel Count": 19,
    "Channel Rate": 200,
    "Effective Channel Rate": 155.66315789473686,
    "Channel Threshold": 10800,
    "Errors Mean": 11.08421052631579,
    "Errors Std": 5.046756452665492,
    "1-bit Errors Mean": 5.256932174915246,
    "1-bit Errors Std": 3.5562445731791095,
    "0-bit Errors Mean": 17.5056968631594,
    "0-bit Errors Std": 3.2155973438193803
}