{
    "Channel Count": 19,
    "Channel Rate": 200,
    "Effective Rate": 155.66315789473686,
    "Effective Rate 95per": 115.28910627341288,
    "Effective Rate 99per": 103.58063130322894,
    "Channel Threshold": 10800,
    "Errors Mean": 11.08421052631579,
    "Errors Std": 5.046756452665492,
    "Byte Errors Mean": 61.81052631578947,
    "Byte Errors Std": 25.750664676895994,
    "1-bit Errors Mean": 5.256932174915245,
    "1-bit Errors Std": 3.556244573179109,
    "0-bit Errors Mean": 17.505696863159397,
    "0-bit Errors Std": 3.2155973438193803
}