{
    "Channel Count": 19,
    "Channel Rate": "10",
    "Channel Threshold": 10400,
    "Errors Mean": 42.21052631578947,
    "Errors Std": 24.886223090758303,
    "1-bit Errors Mean": 0.0,
    "1-bit Errors Std": 0.0,
    "0-bit Errors Mean": 99.83193277310924,
    "0-bit Errors Std": 0.6722689075630262
}