{
    "Channel Count": 16,
    "Channel Rate": "5000",
    "Channel Threshold": 9600,
    "Errors Mean": 36.15925,
    "Errors Std": 7.328066350511573,
    "1-bit Errors Mean": 28.760876414689264,
    "1-bit Errors Std": 9.089576259905563,
    "0-bit Errors Mean": 51.86178781089957,
    "0-bit Errors Std": 14.71619468590963
}