{
    "Channel Count": 14,
    "Channel Rate": "200",
    "Channel Threshold": 10000,
    "Errors Mean": 13.92857142857143,
    "Errors Std": 9.596013202770987,
    "1-bit Errors Mean": 3.3513932237008377,
    "1-bit Errors Std": 2.6274964014846263,
    "0-bit Errors Mean": 35.080460577293884,
    "0-bit Errors Std": 9.442313798627158
}