{
    "Channel Count": 23,
    "Channel Rate": "500",
    "Channel Threshold": 10400,
    "Errors Mean": 16.42782608695652,
    "Errors Std": 3.155328077094691,
    "1-bit Errors Mean": 16.444592085834287,
    "1-bit Errors Std": 2.1612932660263278,
    "0-bit Errors Mean": 19.03856992128663,
    "0-bit Errors Std": 11.09174445618218
}