{
    "Channel Count": 18,
    "Channel Rate": "10",
    "Channel Threshold": 14000,
    "Errors Mean": 0.1111111111111111,
    "Errors Std": 0.4581228472908512,
    "1-bit Errors Mean": 0.0,
    "1-bit Errors Std": 0.0,
    "0-bit Errors Mean": 0.14619883040935674,
    "0-bit Errors Std": 0.6027932201195411
}