{
    "Channel Count": 15,
    "Channel Rate": 10000,
    "Effective Rate": 3141.3066666666664,
    "Effective Rate 95per": 313.3053998431242,
    "Effective Rate 99per": 0,
    "Channel Threshold": 10800,
    "Errors Mean": 34.29346666666667,
    "Errors Std": 7.070003167058854,
    "Byte Errors Mean": 89.0496,
    "Byte Errors Std": 8.3192118601063,
    "1-bit Errors Mean": 30.999528129074957,
    "1-bit Errors Std": 3.9687974355557576,
    "0-bit Errors Mean": 49.33192568381076,
    "0-bit Errors Std": 17.437710266178975
}