{
    "Channel Count": 15,
    "Channel Rate": 10000,
    "Effective Channel Rate": 3141.3066666666673,
    "Channel Threshold": 10800,
    "Errors Mean": 34.29346666666666,
    "Errors Std": 7.070003167058853,
    "1-bit Errors Mean": 30.999528129074957,
    "1-bit Errors Std": 3.9687974355557585,
    "0-bit Errors Mean": 49.33192568381075,
    "0-bit Errors Std": 17.437710266178975
}