{
    "Channel Count": 22,
    "Channel Rate": 500,
    "Effective Channel Rate": 357.9636363636364,
    "Channel Threshold": 10800,
    "Errors Mean": 14.203636363636361,
    "Errors Std": 2.9026861313031254,
    "1-bit Errors Mean": 16.695067360603517,
    "1-bit Errors Std": 3.0043500582467875,
    "0-bit Errors Mean": 12.381794208179194,
    "0-bit Errors Std": 6.037313056098422
}