{
    "Channel Count": 22,
    "Channel Rate": 500,
    "Effective Rate": 357.96363636363634,
    "Effective Rate 95per": 299.90991373757385,
    "Effective Rate 99per": 283.0743341760157,
    "Channel Threshold": 10800,
    "Errors Mean": 14.203636363636365,
    "Errors Std": 2.9026861313031254,
    "Byte Errors Mean": 67.80424048794656,
    "Byte Errors Std": 7.0009296772248115,
    "1-bit Errors Mean": 16.695067360603517,
    "1-bit Errors Std": 3.0043500582467875,
    "0-bit Errors Mean": 12.38179420817919,
    "0-bit Errors Std": 6.037313056098422
}