{
    "Channel Count": 14,
    "Channel Rate": "50",
    "Channel Threshold": 12000,
    "Errors Mean": 26.25714285714286,
    "Errors Std": 14.12888198416453,
    "1-bit Errors Mean": 0.2487690631377423,
    "1-bit Errors Std": 0.39395595519914556,
    "0-bit Errors Mean": 49.50858061445111,
    "0-bit Errors Std": 11.06655533831321
}