{
    "Channel Count": 20,
    "Channel Rate": "100",
    "Channel Threshold": 10800,
    "Errors Mean": 14.739999999999998,
    "Errors Std": 8.876283005853294,
    "1-bit Errors Mean": 1.106266130024122,
    "1-bit Errors Std": 1.363710484346765,
    "0-bit Errors Mean": 28.053406502588366,
    "0-bit Errors Std": 4.0735400738981395
}