{
    "Channel Count": 26,
    "Channel Rate": 50,
    "Effective Rate": 48.8,
    "Effective Rate 95per": 46.52640575976478,
    "Effective Rate 99per": 45.867063430096565,
    "Channel Threshold": 13500,
    "Errors Mean": 1.2,
    "Errors Std": 1.1367971201176101,
    "Byte Errors Mean": 8.173076923076923,
    "Byte Errors Std": 6.9379181200297175,
    "1-bit Errors Mean": 1.144248855950694,
    "1-bit Errors Std": 1.9803211974509958,
    "0-bit Errors Mean": 1.207393857154285,
    "0-bit Errors Std": 1.1670727021184728
}