{
    "Channel Count": 26,
    "Channel Rate": 50,
    "Effective Channel Rate": 48.8,
    "Channel Threshold": 13500,
    "Errors Mean": 1.2,
    "Errors Std": 1.1367971201176101,
    "1-bit Errors Mean": 1.144248855950694,
    "1-bit Errors Std": 1.9803211974509958,
    "0-bit Errors Mean": 1.2073938571542848,
    "0-bit Errors Std": 1.1670727021184728
}