{
    "Channel Count": 19,
    "Channel Rate": "10",
    "Channel Threshold": 11000,
    "Errors Mean": 23.05263157894737,
    "Errors Std": 22.574959775473932,
    "1-bit Errors Mean": 0.0,
    "1-bit Errors Std": 0.0,
    "0-bit Errors Mean": 81.99927849927849,
    "0-bit Errors Std": 20.750897779779507
}