{
    "Channel Count": 16,
    "Channel Rate": "400",
    "Channel Threshold": 10200,
    "Errors Mean": 20.403125000000003,
    "Errors Std": 6.885797628770032,
    "1-bit Errors Mean": 11.834565655550163,
    "1-bit Errors Std": 3.157875393298913,
    "0-bit Errors Mean": 35.9092618869238,
    "0-bit Errors Std": 12.637367573055162
}