{
    "Channel Count": 20,
    "Channel Rate": "50",
    "Channel Threshold": 13000,
    "Errors Mean": 3.599999999999999,
    "Errors Std": 4.794997393117122,
    "1-bit Errors Mean": 0.6440185682576987,
    "1-bit Errors Std": 0.9310627508381957,
    "0-bit Errors Mean": 5.22696336323075,
    "0-bit Errors Std": 6.532864252065322
}