{
    "Channel Count": 26,
    "Channel Rate": 10,
    "Effective Rate": 9.938461538461539,
    "Effective Rate 95per": 9.64982056862625,
    "Effective Rate 99per": 9.566114687374018,
    "Channel Threshold": 13500,
    "Errors Mean": 0.3076923076923077,
    "Errors Std": 0.7216024245882199,
    "Byte Errors Mean": 2.197802197802198,
    "Byte Errors Std": 5.154303032772999,
    "1-bit Errors Mean": 0.0,
    "1-bit Errors Std": 0.0,
    "0-bit Errors Mean": 0.718319518919219,
    "0-bit Errors Std": 1.6874146222576993
}