{
    "Channel Count": 26,
    "Channel Rate": 10,
    "Effective Channel Rate": 9.938461538461539,
    "Channel Threshold": 13500,
    "Errors Mean": 0.3076923076923077,
    "Errors Std": 0.72160242458822,
    "1-bit Errors Mean": 0.0,
    "1-bit Errors Std": 0.0,
    "0-bit Errors Mean": 0.718319518919219,
    "0-bit Errors Std": 1.6874146222576993
}