{
    "Channel Count": 16,
    "Channel Rate": "200",
    "Channel Threshold": 9600,
    "Errors Mean": 44.231249999999996,
    "Errors Std": 23.456281641332247,
    "1-bit Errors Mean": 1.8073313809019576,
    "1-bit Errors Std": 2.4449662008994055,
    "0-bit Errors Mean": 70.17352547734812,
    "0-bit Errors Std": 12.343409055066832
}