{
    "Channel Count": 22,
    "Channel Rate": "100",
    "Channel Threshold": 11000,
    "Errors Mean": 19.454545454545453,
    "Errors Std": 8.46451025661246,
    "1-bit Errors Mean": 1.5419253809761047,
    "1-bit Errors Std": 3.17409155586816,
    "0-bit Errors Mean": 28.73869450329871,
    "0-bit Errors Std": 4.753889724775663
}